,Height,Weight,Age
Height,1.0,0.7642812443400799,0.17468990261587497
Weight,0.7642812443400799,1.0,0.04808424048724451
Age,0.17468990261587497,0.04808424048724451,1.0
