Month,Temperature
2024-01,20.0
2024-02,25.406408174555974
2024-03,29.096319953545184
2024-04,29.898214418809324
2024-05,27.55749574354258
2024-06,22.817325568414297
2024-07,17.182674431585706
2024-08,12.442504256457418
2024-09,10.101785581190674
2024-10,10.903680046454816
2024-11,14.593591825444026
2024-12,19.999999999999996
